airline_name,avg_seat_comfort,avg_cabin_staff_service,avg_food_beverages,avg_ground_service,avg_inflight_entertainment,avg_wifi_connectivity,avg_value_for_money
Air Costa,5,4,3,4,2,1,5
UP by El Al,2,2.25,2,2.5,2,1,2.5
Iraqi Airways,3,2.75,2.75,2.5,2.75,1,3
Asiana Airlines,3.643286180058898,4.029728729310984,3.8198227586206897,3.65,2.96,1.57,3.83
Air Tahiti Nui,2.46130732015145,2.996889640949711,2.605181379310344,1.63,2.25,1.11,2.4
Wingo,1.9132668183730446,2.0617293446334743,2.1704639498432603,1.4090909090909092,1.7727272727272727,1,1.4545454545454546
Nordic Regional Airlines,3,3,2,4,2,1,3
Wizz Air,1.8856536600757254,2.164593093966474,2.086615862068964,1.74,1.68,1.04,1.77
Shenzhen Airlines,2.7173983813129805,3.0164039070231246,2.514888341543515,1.5952380952380953,1.880952380952381,1,2.7717613985200518
T'Way Air,2.5236748001682794,3.2409884899441237,2.509535632183908,2.4,1.8666666666666667,1,2.6
Buddha Air,2.4454820001202,3.124515588055327,2.205364532019704,2,1.7857142857142858,1,2.2142857142857144
Seaborne Airlines,1.7236748001682793,2.440988489944124,2.3464413793103445,1.4,2,1,1.3333333333333333
Air Madagascar,2.5643612146162638,2.8378324784516953,2.38776354679803,1.5,1.7142857142857142,1,2.180731573335056
TransNusa,1,2,2.5535862068965516,4,2,1,3
Shanghai Airlines,2.718001361426631,2.9796311964230062,2.5625057471264334,1.3055555555555556,1.7916666666666667,1,2.9063308954736238
Peach Aviation,2.6324498667788534,3.0619348527312145,2.659831034482759,2.066666666666667,1.7,1,2.816666666666667
Norwegian,2.6798585401766934,2.8530379144413303,2.486793103448274,2.17,2.22,1.7,2.38
Kuwait Airways,2.792367480016828,2.6874321823277456,2.8242868965517234,2.29,2.44,1.34,2.49
Karthago Airlines,2.618374000841398,2.871609116387289,2.553586206896553,1,2,1,2.420687151037513
Air India Express,2.19584115400796,2.577873548023195,2.2671750663129964,1.858974358974359,1.7307692307692308,1.0512820512820513,2.3539656302379672
SA Express,2.071613378207826,2.312155770597948,2.063103448275863,1.2,1.6888888888888889,1,1.8457885345195915
Air Corsica,3.085512200252419,3.5614827349161864,2.72143448275862,2.7,1.7,1,3.3
Air Cairo,2.346794428751728,2.615344810654419,2.483423645320197,1.9285714285714286,1.8571428571428572,1,2.5966781917471806
Cathay Pacific Airways,3.031837400084139,3.0571609116387277,2.754109655172412,2.76,3.22,1.72,2.57
Blue Panorama Airlines,1.8176678285954686,2.053474546182494,2.0847014778325126,1.3142857142857143,1.8,1,1.6700332827091477
Virgin America,3.1409187000420697,2.9735804558193637,2.7817889655172405,2.54,2.99,1.77,2.84
Jetblue Airways,2.018021140092553,2.155877002802601,2.0060758620689647,1.44,2.03,1.63,1.32
AirAsia India,2.767491060159864,3.113037914441329,2.5966158620689628,2.36,1.95,1.09,2.41
Dynamic International Airways,2,2,2.5535862068965516,2,2,1,1
Air Rarotonga,5,5,4.5,5,2,1,4.5
Flair Airlines,1.6480211400925533,1.9120252762942196,2.037864827586205,1.44,1.7,1.07,1.52
Badr Airlines,3,5,5,2,2,1,4
TAAG Angola Airlines,2.607374774383539,2.4548794778939023,2.465441601779754,1.8225806451612903,1.967741935483871,1.0483870967741935,2.7429110331190585
TransAsia Airways,2.618374000841397,2.871609116387287,2.553586206896551,1,2,1,3.5574756842343365
Garuda Indonesia,3.9709187000420694,4.1935804558193635,3.7108944827586203,4.06,2.64,1.53,3.88
Tame Línea Aérea Del Ecuador,1.9363956668068996,2.3119348527312145,1.7217298850574714,1.75,1.6666666666666667,1.0833333333333333,1.5
Utair Aviation,2.4091870004206983,2.3358045581936433,2.2321517241379305,1.5,1.6,1,2.8
Pobeda Airlines,1.8282498948254104,2.1639382815348354,2.3491669691470065,1.5526315789473684,1.9210526315789473,1,2.026315789473684
JC International Airlines,2.618374000841397,2.8716091163872877,2.5535862068965516,1,2,1,1
Sky Airline,2.426407837009436,2.73358665024891,2.4978212526389876,1.7142857142857142,1.7346938775510203,1.0204081632653061,2.324537342645722
Ultra Air,3.6666666666666665,3,2.0357241379310342,3.6666666666666665,1.6666666666666667,1,3.6666666666666665
Air China,2.60091870004207,2.8910126381471106,2.3319662068965514,2.21,2.08,1.02,2.69
HOP!,3.1244903077570307,4.2978160858759455,3.273352785145889,3,2,1,3.076923076923077
Estonian Air,2.926999273339199,3.0884429937362103,2.584426332288403,1.1818181818181819,1.9772727272727273,1,2.907400629228272
Qazaq Air,3.5,5,3.776793103448276,4,2,1,5
Meridiana,2.6416959402608327,2.890198826080058,2.530362758620688,1.53,1.81,1,2.58
Maya Island Air,1.5,1,2.5535862068965516,1,2,1,1
Corendon Airlines,2.548981149133093,2.565695750643833,2.3936258253851808,1.8936170212765957,1.872340425531915,1,2.5085602082902203
Nile Air,3,4,4,3,2,1,5
Canadian North,3.2104994290522266,3.212348066507021,3.030620689655172,2,2,1,2.829237082754387
Openskies,2.176895569722663,2.478786868041798,2.1098992042440323,1.2615384615384615,1.6923076923076923,1.0307692307692307,2.2153846153846155
Grand Cru Airlines,5,5,5,5,2,1,5
TAM Airlines,2.9,2.94,2.5810717241379315,1.7,2.49,1.01,2.86
VLM Airlines,2.7685507398803773,3.081216821127801,2.7108050974512765,1.3695652173913044,2,1,2.7563211156240492
Europe Airpost,4,4,4,1,3,1,5
Air Djibouti,4,4,2.276793103448276,4,2.5,1,3
Lynx Air,1.8856536600757254,2.0284448204748555,2.056438620689653,1.44,1.72,1.07,1.59
Cyprus Airways,2.4066814548514173,2.8624033150499226,2.1298808777429463,1.5454545454545454,1.8181818181818181,1,1.9090909090909092
Sichuan Airlines,2.9521884900363164,3.085765869988203,2.7430809289232934,1.9591836734693877,1.9183673469387754,1.0816326530612246,3.0848602910967604
Iberia,2.3018374000841395,2.454593093966474,2.3748268965517227,1.94,2.47,1.35,1.95
Air Tanzania,2.3118374000841397,2.487160911638729,2.3991137931034485,1.45,1.9,1,1.55
Jet Airways,2.1003886201093813,2.3633091851303476,2.006253103448276,1.6,1.89,1.14,1.83
French Bee,2.4946995854582017,2.6322497810668968,2.430317914213624,1.9146341463414633,2.573170731707317,1.5365853658536586,2.1951219512195124
TUIfly Nordic,1,4,4,2,2,1,1
Norse Atlantic Airways,2.9381315088309754,3.2190602888692834,2.383462794918331,2.175438596491228,2.56140350877193,1.1403508771929824,2.543859649122807
Caribbean Airlines,2.8016959402608337,3.0801988260800575,2.7948268965517244,1.74,2.09,1.14,2.534511648948202
Novair,2.618374000841397,2.8716091163872877,2.5535862068965516,1,2,1,1
LIAT,2.391837400084139,2.1371609116387282,1.4703627586206895,1.36,1.12,1,1.6745116489482017
Skytrans Airlines,3,5,3.776793103448276,3,2,1,2
Air Macau,2.626289440471183,2.8481011051768825,2.47000827586207,1.48,1.72,1,2.3985125537208765
EVA Air,3.599469920067311,3.791012638147109,3.5698227586206888,3.44,3.36,1.62,3.51
SVG Air,3,4,2.5535862068965516,4,2,1,3
S7 Siberia Airlines,3.16286524266646,3.296372321384216,3.0346374085684396,2.378787878787879,1.9848484848484849,1.121212121212121,3.559126208933945
Singapore Airlines,3.516183740008414,3.9574321823277456,3.162143448275862,3.32,3.67,2.39,3.26
Omni Air International,2.727272727272727,2.909090909090909,2.6363636363636362,2.272727272727273,1.9090909090909092,1.2727272727272727,2.3636363636363638
Himalaya Airlines,2.618374000841397,2.8716091163872877,2.5535862068965516,1,2,1,1
Binter Canarias,3.3364460003605996,3.659261049880267,3.4515369458128085,1.8571428571428572,1.4285714285714286,1.2857142857142858,3.4215949849743104
Petroleum Air Services,2.872791333613799,2.6238697054624294,4.184528735632184,2.6666666666666665,2,1,4
Kan Air,3.5,4,3,3,2,1,3
Jordan Aviation,3,3,2.5,3,1.5,1,3
Allegiant Air,1.6732861800588978,2.107160911638728,1.9912572413793084,1.67,1.72,1.07,1.73
Afriqiyah Airways,2.618374000841398,2.871609116387289,2.553586206896553,1,2,1,2.84186133578766
Mahan Air,3.4219078670593195,3.5067509209807355,3.4250068965517255,2.3666666666666667,2.3666666666666667,1,4
Skymark Airlines,3.349823059219482,3.7631101724175484,2.8876146044624753,1.588235294117647,1.588235294117647,1,3.9619702755565016
GoAir,2.150635780395455,2.389656284702024,2.3085820689655145,1.31,1.83,1.01,1.37
SkyWork Airlines,2.5,3,2.5,2.5,2,1,2
Thomson Airways,2.78,3.4,2.9208944827586207,3.25,2.44,1.12,3.16
TUIfly,2.5586841849778303,2.9600777732129817,2.4895681697612715,1.9538461538461538,2.0153846153846153,1.1076923076923078,2.8395712769474377
ViaAir,1.6925794546219455,1.8974190105806625,2.634752351097178,1.5454545454545454,2.090909090909091,1.1818181818181819,1.3636363636363635
Comair,2.9549821203197295,3.0712114642271677,2.896793103448275,2.02,1.98,1,2.92
Qantas Airways,2.378551220025242,2.5461482734916188,2.2264303448275857,2.26,2.34,1.52,1.8745116489482019
Belavia,2.819866311410275,3.1321276858265907,2.7571494252873574,2.2222222222222223,1.9111111111111112,1.0444444444444445,3.084547990650683
Air Italy,2.9431209032800902,3.1166073338439313,3.200462736373749,2.838709677419355,2.3225806451612905,1.3225806451612903,2.838709677419355
Alaska Airlines,2.2994699200673114,2.687160911638728,2.4483965517241364,2.03,1.91,1.7,2.08
NordStar,3,3,3,5,2,1,5
Cobalt,3.790930444537933,3.9857343462652546,3.1349272030651343,3.3333333333333335,1.9444444444444444,1.2222222222222223,3.611111111111111
Dragonair,3.516183740008414,3.7787160911638726,3.4055358620689655,2.22,2.77,1.05,3.66
Winair,2.319535428811828,2.2490311761106536,2.553586206896551,1.5714285714285714,2,1,1.1428571428571428
Air Mauritius,2.6323674800168284,3.266148273491618,2.7976793103448276,2.62,2.35,1.14,2.74
StarFlyer,3.6425203337540313,3.9358045581936434,3.443459770114942,2.8333333333333335,3,2.1666666666666665,3.7255824474100887
Peruvian Airlines,1.6190319535079396,1.8544934472738275,2.051084202085004,1.3255813953488371,1.7209302325581395,1,1.5116279069767442
China United Airlines,3,2.4,2.4214344827586207,2.4,1.4,1,3.4
Evelop Airlines,1.6666666666666667,2.1666666666666665,2,1.8333333333333333,1.8333333333333333,1.1666666666666667,2.5
Myanmar National Airlines,4.2727272727272725,4.545454545454546,4.050326018808778,3.6363636363636362,2.6363636363636362,1.6363636363636365,3.8181818181818183
Oman Air,3.1087983803113133,3.1624953730632925,2.926970344827583,2.31,2.69,1.19,2.45
Ernest Airlines,2.4045935002103493,2.4679022790968217,2.5535862068965516,2,2,1,2
Ellinair,3.642857142857143,4.357142857142857,3.729596059113301,3.7142857142857144,2.142857142857143,1,3.857142857142857
XL Airways France,2.205626436037667,3.095632171751889,2.5494535809018553,1.794871794871795,2.0128205128205128,1.1923076923076923,3.076923076923077
China Eastern Airlines,2.788551220025242,2.7161482734916182,2.3942868965517237,2.31,2.23,1.16,2.78
Yangon Airways,3.5591870004206987,3.1858045581936434,3.0267931034482753,1.25,1.5,1,4.25
Armenia Air Company,2.618374000841397,2.8716091163872877,2.5535862068965516,1,2,1,1
VivaColombia,1.6428150417192542,1.5336422364408724,1.79539367816092,1.2083333333333333,1.6666666666666667,1.0416666666666667,1.5
Greater Bay Airlines,2.25,1.75,1.888396551724138,1.75,1.75,1,2
Air Burkina,3.5,4,3.5,2.5,2,1,3.5
Delta Air Lines,2.4685512200252417,2.7261482734916185,2.3328606896551722,2.21,2.59,2.07,2.08
Firefly,2.8022593162544513,3.2431472632191176,2.826137931034478,1.9473684210526316,1.986842105263158,1,3.2732562292408254
Brussels Airlines,2.2480211400925527,2.5858770028026017,2.258042068965515,1.98,1.91,1.02,1.89
QantasLink,2.7131447202355923,3.0240505525884402,2.5426834482758616,2.4,1.7,1.03,2.9
Sun-Air,4.5,5,5,5,2.5,1,5
Avior Airlines,2.787985556022998,2.7064495091040484,2.085325670498084,1.1111111111111112,1.6666666666666667,1,2.6449621754756345
Jetstar Asia,2.269469920067311,2.4984448204748553,2.4819744827586177,2.21,1.92,1.04,2.45
AirAsia Zest,2.924426968121922,2.877500891271679,1.708533926585095,1.3870967741935485,1.4516129032258065,1,3.2580645161290325
Nordavia,2.5591870004206987,3.1858045581936434,3.165189655172414,1.75,2.75,1,1.8627912237050441
China Airlines,3.464734960033655,3.594864364655491,3.284286896551724,3.01,3.05,1.67,3.41
Zambia Airways,2,4,1,3,2,1,5
Sun Country Airlines,2.1089398401346227,2.338173549785838,2.3412572413793074,1.57,1.89,1.31,1.72
Wings Air,2.5056368571829237,2.3272194817327283,2.4056256157635474,2.0952380952380953,1.9047619047619047,1,2.0476190476190474
Air Cote d'Ivoire,2,1,1,1,1,1,1
Turkish Airlines,2.4285512200252417,2.514864364655492,2.621966206896551,1.8,2.57,1.77,2.08
Air Malawi,2.618374000841397,2.8716091163872877,2.5535862068965516,1,2,1,2.4511648948201765
Tigerair Australia,1.7922260201935207,2.0691861879329485,2.250725517241376,1.41,1.82,1,1.62
Ethiopian Airlines,2.8589398401346227,3.019457458621965,2.7873248275862066,2.32,2.3,1.26,2.48
Aircalin,3.1074370955786614,3.471841785204377,3.300602627257799,1.9761904761904763,2.4761904761904763,1.4047619047619047,3.089701748150065
Aerolineas Argentinas,2.8332861800588978,2.9997287293109833,2.496430344827586,1.96,2.16,1.15,2.64
Martinair,2.6183740008413974,2.8716091163872886,2.5535862068965525,1,2,1,2.1961958421582937
Laudamotion,2.3142857142857145,2.2285714285714286,2.2750088669950745,2.085714285714286,1.8,1,2.4571428571428573
Japan Airlines,3.848551220025241,4.2061482734916185,3.64089448275862,3.84,3.22,2.01,3.73
Tropic Air Belize,2.6,3,1.4214344827586207,2.6,1.8,1,2.8
Aeromar,2.5131526667601554,2.4301787907096983,2.3948429118773946,1.8888888888888888,1.6666666666666667,1,1.5555555555555556
Joon,2.1818181818181817,2.909090909090909,1.9090909090909092,2.6363636363636362,2.909090909090909,1.4545454545454546,2.3636363636363638
Safarilink,3.5,2,2.776793103448276,3.5,2,1,2.5
Cubana Airlines,2.5440634202776575,2.5876310084078016,2.4325062068965484,1.23,1.58,1,2.3331630852748253
Jeju Air,2.1644715454927907,2.8578004143812406,2.120137931034483,2.0454545454545454,1.7727272727272727,1,2.3181818181818183
Kulula,2.320099482788484,2.696734238087383,2.457155375253546,1.388235294117647,1.9058823529411764,1,2.226813204358877
Nature Air,2.7853353754732852,2.865280127967849,2.5535862068965516,1.625,2,1,1.4375
Iberia Express,1.9578531884667683,2.6989805028742566,2.280804597701149,2.1884057971014492,2.072463768115942,1.4782608695652173,2.1739130434782608
TAME,2.195205459982491,2.487757018294802,2.199817334575956,1.1081081081081081,1.7297297297297298,1,1.7234452276298005
Conviasa,2.618374000841397,2.8716091163872877,2.5535862068965516,1,2,1,2.780465957928071
Akasa Air,3.2445783530071686,3.1860085581480226,2.5525273833671407,2.980392156862745,1.9215686274509804,1.2156862745098038,3
Buta Airways,3.290930444537933,2.6524010129319207,2.505954022988506,2.3333333333333335,1.8888888888888888,1,2.4444444444444446
Nouvelair,1.742257294167141,1.8748005362580757,2.0514766734279917,1.9411764705882353,1.7058823529411764,1,2
Air Niugini,2.5007473463641956,2.778063642243219,2.420334217506632,1.9615384615384615,2.25,1.0769230769230769,2.181038052650811
Mann Yadanarpon Airlines,3.5,4,3.5,2.5,2,1,2.5
flybe,3.1545935002103493,3.9679022790968217,3.526793103448276,3.5,2,1,3.25
Super Air Jet,2.2650174289320275,3.087832478451695,2.553586206896551,1.8571428571428572,2.2857142857142856,1.4285714285714286,2
Pan Pacific Airlines,1,1,1,1,2,1,1
Air Transat,2.4165723601177946,2.762025276294219,2.4848268965517217,1.84,2.32,1.37,2.02
SkyWest Airlines,2.6987163164537358,2.951270355042597,2.3754827586206906,1.2894736842105263,1.868421052631579,1,2.5728282479553344
Henan Airlines,2.618374000841397,2.8716091163872877,2.5535862068965516,1,2,1,4
Thai Airways,3.0309187000420703,3.29101263814711,2.930894482758621,2.79,2.57,1.31,2.78
Iberojet,1,1,1,1,1,1,1
Bassaka Air,4.222222222222222,4.444444444444445,4.283731800766284,4.222222222222222,2,1,4.333333333333333
Air North Yukon's Airline,3.6545935002103493,4.217902279096822,4.138396551724138,3.5,2,1,3.25
Vistara,3.7485512200252424,3.9861482734916183,3.624286896551725,3.45,3.1,2.23,3.47
Lufthansa,2.3247349600336555,2.634864364655491,2.184109655172413,2.06,2.05,1.29,1.93
Regional Express,3.1666461153100336,3.600569394325624,3.043726516052316,2.4367816091954024,1.793103448275862,1,3.2078595626412096
Ravn Alaska,2.3333333333333335,2.888888888888889,2.7519923371647512,2,1.7777777777777777,1,2.3333333333333335
Air Mediterranee,2.647349600336559,3.148643646554915,3.22143448275862,1,1.6,1,2.4902329789640354
Aurigny Air,2.7068843554493993,3.0197162941520608,2.568272525027808,1.435483870967742,1.9838709677419355,1,2.8937738506103576
Manta Air,5,5,5,4,2,1,3
Germania Airline,2.7167565263600735,3.2564004798098574,2.7424827586206897,2.3684210526315788,2.6315789473684212,1.0526315789473684,3.263157894736842
Air New Zealand,2.568021140092553,2.7471609116387286,2.568396551724137,2.11,2.43,1.74,1.91
Air Antilles,2.4045935002103493,2.4679022790968217,2.165189655172414,2,1.75,1,2
Bluebird Airways,1.2311962858344854,1.838801302341041,2.553586206896551,1.2857142857142858,2,1,1.2857142857142858
US Airways,2.2061837400084143,2.21,2.012860689655172,1.59,1.67,1.14,1.85
Air Koryo,3.156654630019162,3.3479671835126292,2.92295657726692,1.7407407407407407,2.185185185185185,1,3.291990248561161
Finnair,2.6932861800588976,2.8910126381471093,2.1641096551724126,2.05,2.47,1.46,2.02
Skybus,2.7455826672275983,2.2477394109248583,2.5535862068965516,1,2,1,2.150388298273392
Novoair,3,3.5,3,2,1.5,1,3
AeroItalia,1,3,1,1,2,1,1
FlyArystan,4.088339142977342,4.410229873769612,2.8877635467980296,3.7142857142857144,1.8571428571428572,1,3.857142857142857
Air Iceland Connect,4,4,2.8511954022988504,3.3333333333333335,1.6666666666666667,1.3333333333333333,3.3333333333333335
Jet2.com,3.103286180058898,3.59101263814711,2.832683448275862,3.11,1.8,1.11,3.27
Passion Air,2,2.9572030387957624,2.702390804597701,2,2,1,2.6666666666666665
FLYONE,1.8897967501051744,1.9759267093226163,1.6796939655172411,1.375,1.5625,1,1.3125
Lion Air,1.959469920067312,2.1971609116387287,2.2551896551724107,1.73,1.84,1.03,1.86
Air Panama,2.142857142857143,2.5714285714285716,2.4119950738916254,2.357142857142857,2,1,2.4285714285714284
Olympic Air,3.1134539787660422,3.549981435393745,3.206995921394142,1.8279569892473118,1.8709677419354838,1.053763440860215,3.3655913978494625
Montenegro Airlines,2.7589730531629884,2.7083847050867087,2.565800362976407,1.263157894736842,1.8421052631578947,1,2.874174692555863
Etihad Airways,2.5032861800588972,2.5097287293109822,2.3264303448275854,2.02,2.51,1.59,1.9
Nauru Airlines,4.5,5,4,4.5,1.5,1,4
Air Caraibes,2.2159891670172494,2.404837131828037,2.3787270114942536,1.375,1.9583333333333333,1,2.158527482470029
Jazeera Airways,2.0308505388175146,2.3110653953946225,2.257221485411142,1.2692307692307692,1.7307692307692308,1,1.9762975658135138
Berjaya Air,2.828916000560931,2.9977394109248583,2.7023908045977003,1,2.25,1,3.446124557038377
NextJet,1,2,4,1,0,1,1
Cebu Pacific,2.264593500210347,2.576618370260693,2.2221517241379285,1.68,1.8,1.11,1.84
Air Algerie,2.4648848338241494,2.6959386512259194,2.5104252873563233,1.3541666666666667,1.8958333333333333,1.0416666666666667,2.4796520395084087
Malaysia Airlines,2.806572360117795,3.1520252762942196,2.666253103448275,2.43,2.31,1.23,2.37
Vietnam Airlines,3.1409187000420697,3.2822965469832366,2.8651813793103447,2.76,2.34,1.13,2.97
bmi Regional,3.1871572759055895,3.493359092226929,2.848217598097503,1.7758620689655173,1.896551724137931,1.0689655172413792,2.6206896551724137
Mihin Lanka,2.6666666666666665,2.6666666666666665,1.5,2.5,1.8333333333333333,1,3.5
Tunisair,2.7837012252839672,2.731668076780706,2.4006749999999966,1.4875,1.6375,1.05,2.7152329789640364
Eastern Airlines,1.8727913336137991,1.9572030387957626,2.3690574712643677,1,1.6666666666666667,1,1.3333333333333333
Hawaiian Airlines,2.4947349600336555,2.6748643646554915,2.1796455172413784,1.87,2.08,1.24,1.93
AB Aviation,2.6666666666666665,2.6666666666666665,2,2,2,1,2.3333333333333335
Fiji Airways,3.0603886201093813,3.473309185130347,2.9673248275862067,2.66,2.56,1.13,2.76
Safi Airways,2.2946992006731177,2.59728729310983,2.398227586206896,1,2,1,1.6
Aeroflot Russian Airlines,2.973674800168279,3.1143218232774568,2.899468275862068,2.29,2.5,1.23,2.62
Boutique Air,2.417240052698005,2.2496430648828727,2.6564954627949198,1.9473684210526316,1.9473684210526316,1.105263157894737,2
Thomas Cook Airlines Scandinavia,2.7031797784321974,2.9001404238567785,2.54167816091954,1.3333333333333333,2.111111111111111,1,2.6666666666666665
Dniproavia,2.618374000841397,2.871609116387287,2.553586206896551,1,2,1,4
US-Bangla Airlines,3.1666666666666665,3.5,3.8511954022988504,3.3333333333333335,2,1,3.5
Eritrean Airlines,2.618374000841397,2.871609116387287,2.553586206896551,1,2,1,2.9674432632134518
Shandong Airlines,2.7932859171224247,3.097121604709782,2.7165258620689663,1.5416666666666667,2,1,2.6503882982733913
United Airlines,2.1309187000420695,2.4622965469832367,2.1350041379310336,1.61,2.02,1.32,1.64
Trigana Air,3.5,3.5,2.5,4.5,2,1,3.5
Solomon Airlines,3.66183740008414,3.887160911638729,3.2553586206896554,1.9,1.6,1,3.1
Rex Airlines,4.154022000049494,4.541467202924743,3.873252197430696,4.019607843137255,2.2941176470588234,1.803921568627451,3.980392156862745
Korean Air,3.556183740008414,3.748716091163873,3.3576793103448273,3.49,3.09,1.26,3.44
Air Canada rouge,1.962367480016828,2.4574321823277456,2.0817889655172417,2.07,1.84,1.46,1.95
Air India,2.104734960033656,2.5348643646554914,2.2198227586206896,2.32,1.51,1.1,2.03
Transaero Airlines,2.7911337820782482,2.8148609996106146,2.4256539184952977,1.018181818181818,1.5272727272727273,1,3.036363636363636
TUI Airways,2.8988818356279644,3.4502960152929765,2.80015021256495,2.643835616438356,2.232876712328767,1.0547945205479452,3.0547945205479454
flydubai,1.7671024400504833,1.9322965469832365,1.8483965517241367,1.41,1.64,1.05,1.43
flyadeal,1.8143945264929253,1.920338761344692,2.297001814882033,1.3157894736842106,1.7894736842105263,1,1.736842105263158
Smartavia,1,1.3333333333333333,2.5535862068965516,1.3333333333333333,2,1,1.6666666666666667
SereneAir,2.8530623334735665,3.395268186064548,2.8883965517241372,2.6666666666666665,1.6666666666666667,1,2.5
Dimonim Air,3,3,2.5535862068965516,5,2,1,5
Tailwind Airlines,2.6666666666666665,2.3333333333333335,3.0357241379310342,2.6666666666666665,2,1,3
fastjet,2.942177878915363,2.919940775210195,2.3457868338558003,2.212121212121212,1.8484848484848484,1,2.272727272727273
Air Moldova,2.502423907407227,2.861558364579248,2.6370521251002415,1.5348837209302326,1.7906976744186047,1.0930232558139534,2.642077189733987
Aeromexico,2.060388620109381,2.0133091851303466,1.8151813793103444,1.33,1.88,1.22,1.37
SATENA,2.5,2.5,2.5535862068965516,3,2,1,3
Aero VIP,4,3.6666666666666665,2.5535862068965516,4.333333333333333,2,1,3.6666666666666665
Air France,2.9385512200252424,3.2435804558193637,2.8319662068965523,2.53,2.78,1.99,2.81
Air Canada,1.9571024400504837,2.212296546983237,2.055181379310344,1.7,2.24,1.28,1.58
Primera Air,3.1221602860748843,2.802118192737409,2.0306206896551724,2.142857142857143,2,1,2.7142857142857144
Frontier Airlines,1.416572360117796,1.6520252762942205,1.9321517241379293,1.16,1.68,1,1.17
Surinam Airways,2.604086261454886,2.823728080965071,2.496128935532235,1.391304347826087,1.9565217391304348,1,2.7067749771348204
NAM Air,2.076923076923077,2.5384615384615383,2.170334217506631,2.8461538461538463,1.8461538461538463,1,2.5384615384615383
British Airways,2.4571024400504835,2.7722965469832372,2.3151813793103444,2.03,2.28,1.32,1.81
Azur Air Germany,1,1.5,1.5,1,1.5,1,1
Nordica,3.3333333333333335,4,1.8511954022988506,3.6666666666666665,1.6666666666666667,1,3
Uganda Airlines,4,4,3.3107172413793102,3.2,1.8,1,3.2
Lucky Air,2.81574914357834,2.8899506711891036,2.6173596059113295,1,1.7142857142857142,1,2.050499240637219
Ariana Afghan Airlines,3,4,3,3,2,1,5
Privilege Style,2.5384615384615383,3.3846153846153846,2.9656604774535813,2.8461538461538463,1.5384615384615385,1.2307692307692308,3.230769230769231
SpiceJet,2.1203886201093813,2.4220252762942196,2.2957213793103435,1.89,1.77,1.15,1.84
Shaheen Air,3.5515311667367833,4.155967426365607,3.8794655172413797,2.1666666666666665,1.25,1.1666666666666667,4.037597074568348
Batik Air,2.953286180058898,2.9110126381471098,2.3717889655172413,2.51,2.24,1.03,2.73
Tianjin Airlines,3.14911653344552,3.849547882184972,2.673811494252874,2.7333333333333334,2.066666666666667,1,3.8666666666666667
Germanwings,3.1685512200252424,2.9561482734916185,2.0353586206896552,1.5,0.98,1,3.0945116489482016
TUS Airways,4.5,5,4,5,2,1,5
Titan Airways,3.6666666666666665,4.029053637212909,3.314289655172414,3.566666666666667,2.2333333333333334,1.4666666666666666,3.7
Alliance Air,2.290341466834946,2.170042127157034,2.2208436781609198,1.7,1.7333333333333334,1,1.8333333333333333
Auric Air,3,5,2.5535862068965516,5,2,1,5
Tigerair,2.6809187000420693,3.0035804558193644,2.2955441379310324,2.4,1.77,1.02,2.94
Jetstar Airways,1.6380211400925533,2.0820252762942197,1.91250620689655,1.42,1.74,1.06,1.43
Israir Airlines,2.3963482505959903,2.6590564574409963,2.2901896551724144,1.2083333333333333,1.8333333333333333,1,2.2819780592626095
AirAsia X,2.808021140092553,3.244593093966474,2.9826834482758606,2.83,1.94,1.06,3.13
SkyUp Airlines,1.6666666666666667,2.3333333333333335,1,1.6666666666666667,1,1,2.3333333333333335
Luxair,2.8512611167095456,3.027334896756281,2.872308740978342,1.6744186046511629,1.9069767441860466,1,2.698216230148921
Okay Airways,2.9045935002103493,1.967902279096822,2.3883965517241377,1,0.75,1,4.25
Eurowings,2.158021140092553,2.2345930939664735,2.1046496551724116,1.42,1.73,1,1.56
Hi Fly,3.227272727272727,3.3181818181818183,3.2321442006269594,3.090909090909091,2.590909090909091,1.1818181818181819,3.1818181818181817
Canaryfly,3.1030623334735665,3.8119348527312145,2.8511954022988504,3.1666666666666665,2,1,3.6666666666666665
Adria Airways,3.094979011312623,3.214355154654447,2.5887048124289462,1.879120879120879,1.901098901098901,1.098901098901099,2.829389701002459
Jin Air,3.14275610012621,4.080741367458094,2.8267931034482765,3,1.85,1,3.9
Air Malta,2.435653660075726,2.398444820474856,2.0494682758620693,1.89,1.7,1.06,2.15
Air Labrador,3,4,0,1,0,1,4
Malindo Air,2.134593500210349,2.2079022790968215,2.1000082758620677,1.45,1.73,1.02,1.65
Motor Sich Airlines,2.6666666666666665,3.6666666666666665,3.1845287356321834,3.6666666666666665,2,1,4
AirSWIFT,2.25,2.75,2.5535862068965516,3,2,1,2.75
Airnorth,2.556672923206369,2.7159548980446875,2.264427055702918,2.230769230769231,1.5,1,2.4019678805700067
ATA Airlines,1,1.5,1.5,1.5,2,1,2
Malawian Airlines,2.4166666666666665,3.25,3.305063218390804,2.25,2,1,2.4166666666666665
Suparna Airlines,4,4,1,3,1,1,3
PLAY,3.0847349600336553,3.6248643646554917,2.669113793103447,2.98,1.73,1.04,3.18
Felix Airways,3.3091870004206987,3.435804558193644,2.5535862068965516,3,2,1,3
Jetstar Pacific,2.126572360117794,2.422025276294219,2.051257241379309,1.56,1.5,1.01,2.06
Egyptair,2.3609187000420695,2.36101263814711,2.3851813793103442,1.82,2.13,1.12,2.01
Go First,1.6756536600757255,1.7958770028026014,1.8912572413793092,1.35,1.61,1.01,1.32
LC Perú,2.659767714405914,3.195944159483898,2.586738916256157,2,2.0714285714285716,1,2.4285714285714284
Somon Air,3.3333333333333335,3,2.3333333333333335,1.6666666666666667,1.3333333333333333,1,3
Africa World Airlines,2,2.7777777777777777,2.678574712643678,1.4444444444444444,1.7777777777777777,1,1.7777777777777777
Avelo Airlines,2.4635669685361905,2.6876938790845757,2.373883847549906,1.9578947368421054,1.9263157894736842,1.063157894736842,2.210526315789474
Air Namibia,3.092085422041549,3.3073050490789724,3.043251350228496,1.6987951807228916,2.0843373493975905,1.0240963855421688,3.1325301204819276
MAYAir,3,4,2.5535862068965516,3,2,1,4
Air Juan,2.4095864352215983,2.3622138483928152,2.5535862068965525,1.2173913043478262,2,1,1.173913043478261
Gulf Air,3.189469920067312,2.928444820474855,2.699645517241379,2.48,2.45,1.38,2.59
Icelandair,2.41130732015145,2.61688964094971,2.29268344827586,1.73,2.25,1.48,1.98
Thai Lion Air,2.0874910601598655,2.2043218232774575,2.0689365517241365,1.61,1.75,1.04,1.61
Kenya Airways,2.611837400084139,2.8971609116387276,2.450717241379309,2,2.21,1.2,2.11
Austrian Airlines,2.2771024400504833,2.8397287293109827,2.3839324137931026,1.96,2,1.22,1.97
Breeze Airways,2.5947349600336556,2.98101263814711,2.341434482758619,2.01,1.84,1.33,2.28
Swoop,1.8732861800588978,2.07101263814711,2.0855441379310324,1.62,1.68,1.08,1.62
Aerocaribbean,2.618374000841397,2.871609116387288,2.5535862068965516,1,2,1,2.967443263213451
Rossiya Airlines,2.881866227483077,3.286084097278639,2.810068965517242,1.9090909090909092,1.4318181818181819,1.0227272727272727,3.452325677037281
Aigle Azur,2.6221602860748847,2.587832478451695,2.22067487684729,1.4285714285714286,1.7857142857142858,1,2.239535334604324
Red Wings Airlines,2.6545935002103493,3.2179022790968217,2.526793103448276,1.5,2.5,1,1.75
VivaAerobús,1.765123580143037,1.9881735497858377,2.0489365517241356,1.47,1.66,1.12,1.61
Yakutia Airlines,2.8091870004206987,2.9358045581936434,2.7767931034482753,2,2,1,3.5
Easyfly,3,3.142857142857143,2.808679802955665,3.2857142857142856,2,1,3.4285714285714284
Azerbaijan Airlines,3.5634481179935125,3.608897871453585,3.5596176470588197,2.588235294117647,2.7205882352941178,1.088235294117647,3.6061564458400426
PAL Express,2.2222222222222223,2.5555555555555554,1.95039846743295,1.4444444444444444,1.1111111111111112,1,2.7777777777777777
Phuket Air,2.6183740008413983,2.8716091163872894,2.5535862068965534,1,2,1,2.4511648948201774
Air Astana,4.02091870004207,4.1835804558193646,3.9353586206896556,3.62,3.47,1.62,3.61
AirAsia,2.14130732015145,2.5330379144413286,2.2300082758620667,1.74,1.76,1.05,1.97
Ural Airlines,2.814394526492926,3.3940229718710087,2.7885408348457354,2.210526315789474,1.9473684210526316,1,2.731701567875808
BA CityFlyer,3.9356594446781665,3.950446976774243,3.417662835249039,2.4444444444444446,2,1,3.9722222222222223
ITA Airways,1.7494699200673116,1.9984448204748557,1.8350041379310338,1.52,1.83,1.1,1.49
Eswatini Air,4,5,4,4,3,1,4
Andes Líneas Aéreas,1.8091870004206985,1.9358045581936438,2.5535862068965516,1,2,1,1
China Southern Airlines,4.466183740008415,4.718716091163873,4.261071724137931,4.87,3.85,1.66,4.54
Corsair,2.660335375473287,3.0527801279678486,2.646958333333335,1.7708333333333333,2.0625,1.1666666666666667,2.805620900248814
Salam Air,1.7379268335436826,1.8845689457634884,1.9062586206896548,1.25,1.5,1,1.5833333333333333
Hong Kong Airlines,3.3247349600336555,3.513580455819364,2.9208944827586207,2.77,2.85,1.19,3.48
Mack Air,4,3,2.5535862068965516,5,2,1,5
Kam Air,2.5962892150970625,2.8761945050877427,2.5695295566502474,1.0357142857142858,1.9642857142857142,1,2.4350518628623123
Moldavian Airlines,2.618374000841397,2.8716091163872877,2.5535862068965516,1,2,1,2.7609319158561414
Volotea,3.6047349600336567,3.813580455819364,2.8276875862068946,3.32,2.4,1.75,3.53
Wamos Air,1.8666666666666667,2.466666666666667,2.1702390804597704,3,1.7333333333333334,1,2.4
Hainan Airlines,4.456183740008414,4.768716091163872,4.466607586206897,4.28,4.01,1.47,4.54
TAR Aerolineas,2.9414995559295094,3.2762707183943496,2.751992337164751,2.3333333333333335,1.7777777777777777,1,2.4444444444444446
Georgian Airways,2.320076873063832,2.40318910110037,2.15650156739812,1.4545454545454546,1.690909090909091,1,1.8421147004996825
Mokulele Airlines,2.6811632309633993,2.508832873012451,1.3667639257294428,1.1538461538461537,1,1,1.6923076923076923
Sunwing Airlines,1.8894699200673117,2.459728729310983,2.0514344827586197,1.77,1.67,1.11,1.72
NokScoot,2,2,2.276793103448276,3,2,1,3
Thai AirAsia,2.885962060657054,3.435366301158697,2.6892211772901415,2.909090909090909,1.9898989898989898,1.02020202020202,3.242424242424242
Myanmar Airways,2.7597169634927328,3.141383517725331,2.644850574712645,1.7037037037037037,1.7407407407407407,1.1111111111111112,3.2484070136637437
FlySafair,2.591837400084139,2.9071609116387283,2.4787593103448247,2.49,1.85,1.05,2.54
Edelweiss Air,2.9760422801851094,3.5404700967690736,3.275004137931038,2.25,2.83,1.1,3.1486514363266234
Ryanair,2.073286180058898,2.59101263814711,2.442151724137928,2.03,1.85,1,2.43
Air Dolomiti,2.865361692717598,3.1682198259322627,2.833571175950481,1.9230769230769231,2.141025641025641,1.2692307692307692,2.9457368387474707
JetSmart,1.7,1.6,1.7660758620689656,1.7,1.6,1,2.3
Camair-Co,1.5,2,1,1,2,1,2
Atlantic Airways,3.885512200252419,4.261482734916186,3.766075862068965,2.8,2,1,3.745116489482018
World2Fly,2.2061246669471326,2.290536372129096,2.5178620689655173,1,2.3333333333333335,1,1.6666666666666667
Airlink,3.3418374000841395,3.704593093966474,3.415004137931034,2.92,2,1.1,3.06
V Air,2.7142857142857144,3.4285714285714284,3.3010246305418716,2.7142857142857144,2.142857142857143,1,3
Sudan Airways,2.618374000841397,2.8716091163872877,2.5535862068965516,1,2,1,2.4511648948201765
Mauritania Airlines,2,1,1,2,1.5,1,2.5
Lubeck Air,5,5,5,5,2,1,5
Saudi Arabian Airlines,2.769469920067312,2.8684448204748554,2.4385737931034472,1.98,2.22,1.35,2.1
Hunnu Air,5,5,4,4,2,1,4
JetsuiteX,5,5,5,5,2,1,5
PAWA Dominicana,2.8091870004206987,3.935804558193644,2.776793103448276,2,2,1,2.5
Alitalia,2.3894699200673117,2.297160911638729,2.426075862068965,2.09,1.98,1.15,2.09
Rwandair,2.90832127485472,3.134093710213427,2.757852216748767,2.120879120879121,1.9230769230769231,1.2307692307692308,2.6412471943347313
Sol Líneas Aéreas,2.618374000841397,2.8716091163872877,2.5535862068965516,1,2,1,1
Avianca,1.5194699200673116,1.7797287293109827,1.5771475862068962,1.41,1.54,1.08,1.25
Maldivian,3.25,3.75,2.665189655172414,3.5,2,1,2.75
Vueling Airlines,2.1489398401346222,2.3256057321135835,2.237687586206894,1.52,1.75,1.18,1.55
Arik Air,2.314552852179063,2.357477619335798,2.1266602809706265,1.1481481481481481,1.7962962962962963,1,1.9426357368451919
Loganair,3.397195125157762,3.8196767093226165,3.075342672413794,2.8125,1.96875,1,2.65625
Air Zimbabwe,2.7395460839994397,3.1483572171399374,2.771589080459771,1.2916666666666667,1.875,1.0416666666666667,2.3800403377817982
Air Busan,3.4282683003786296,3.742224102374281,2.7375103448275873,2.25,2.05,1.2,4.1
Carpatair,2.6183740008413965,2.871609116387287,2.553586206896551,1,2,1,2.6060484053381594
Regent Airways,2.7942498183347997,2.74938347570678,2.398542319749217,2.3181818181818183,1.9545454545454546,1,3.272727272727273
Pegasus Airlines,1.9827561001262088,2.3594574586219648,2.265721379310343,1.72,1.68,1.05,1.91
Air Arabia,2.1874910601598656,2.2643218232774576,2.2623289655172396,1.57,1.81,1.23,1.72
SilkAir,2.9161837400084143,3.368716091163873,2.8787510344827583,3.25,2.16,1.36,2.92
Royal Air Maroc,3.0780211400925532,3.224593093966474,3.051788965517241,2.44,2.6,1.47,2.71
Iran Air,2.9216186369373123,3.124581973294359,2.9077481713688575,1.4696969696969697,1.9393939393939394,1,2.9014812225398092
Cambodia Bayon Airlines,3,4,2,3,2,1,4
Nepal Airlines,3.3636363636363638,3.727272727272727,3.6228359456635317,3.0606060606060606,2.0303030303030303,1.0606060606060606,3.515151515151515
Vanilla Air,2.5091056923724153,3.2978160858759455,2.460175066312997,2.6923076923076925,1.8461538461538463,1,3.1538461538461537
AirAsia Philippines,2.3852531201794975,2.80576243103661,2.4726298850574695,1.6933333333333334,1.9066666666666667,1.0133333333333334,2.12
TAP Portugal,2.559469920067311,2.6597287293109826,2.0603627586206885,1.94,2.04,1.26,2.12
Jetstar Japan,1.8368374000841399,2.258951139548411,2.2071517241379324,1.45,1.825,1.05,1.75
CityJet,2.8736748001682804,3.294321823277455,2.9494682758620714,1.58,1.63,1,2.894511648948202
Air KBZ,3.6666666666666665,3.888888888888889,3.2837318007662835,4.111111111111111,2,1,4.333333333333333
Air Pegasus,3.1545935002103493,2.9679022790968217,2.5535862068965516,2.5,2,1,2.75
Viva Air,1.6093890858825652,1.7600361089917438,2.105111330049261,1.042857142857143,1.7142857142857142,1.0142857142857142,1.1857142857142857
Blue1,2.609605556334628,2.8440825151734157,2.5125798212005117,1,1.9259259259259258,1,2.867184397697857
Condor Airlines,1.9632861800588972,2.3510126381471097,2.1628606896551714,1.7,1.83,1.09,1.77
Sansa Airlines,3.0591870004206987,3.935804558193644,2.5535862068965516,2.75,1.75,1,2.5
Blue Air,2.2674910601598652,2.4956057321135847,2.393400689655171,1.74,1.85,1.07,1.87
LAN Peru,2.6876151912174224,2.9583223168173745,2.548482758620691,1.2380952380952381,2.0952380952380953,1.0952380952380953,2.4581413384172954
PenAir,2.6666666666666665,2.6666666666666665,2,2.3333333333333335,2,1,1.6666666666666667
Uzbekistan Airways,2.810659444678163,2.7143358656631325,2.689240421455936,1.6944444444444444,1.8472222222222223,1,2.9654395687250252
Spirit Airlines,1.5932861800588978,1.9010126381471102,1.7580420689655165,1.38,1.54,1.02,1.42
BoraJet,3,3,3,1,2,1,1
Voyage Air,2.618374000841397,2.8716091163872877,2.5535862068965516,1,2,1,1
Pacific Airlines,2.3846153846153846,2.3846153846153846,1.8708859416445622,1.8461538461538463,1.6153846153846154,1,2.076923076923077
Transavia,2.1760422801851065,2.5417540056052017,2.2510799999999973,1.8,1.78,1,1.91
NIKI,2.7161362862351517,3.0395675482397513,2.7738193760262737,1.6428571428571428,1.9047619047619047,1,3.4285714285714284
Onur Air,2.2620845603702104,2.453508011210402,2.1001855172413757,1.06,1.43,1,2.84
Horizon Air,2.605229280605806,3.0675585637988485,2.602868965517242,1.68,1.92,1,3.064372766342457
Bulgaria Air,2.282226020193519,2.520470096769074,2.4271475862068943,1.94,1.42,1,2.54
Thomas Cook Airlines,2.308551220025242,2.9761482734916185,2.4896455172413785,2.53,2.14,1.08,2.58
Cambodia Airways,2.8091870004206987,3.435804558193644,2.276793103448276,2.5,2,1,2.5
Alliance Airlines,1.2,2.2,1.8214344827586206,1.6,1.6,1,1.6
Rhein-Neckar Air,4,5,5,5,2,1,5
Tibet Airlines,4,4,3,4,3,1,4
Sky Express Airlines,2.5091056923724153,2.797816085875945,2.379357206012377,2.08974358974359,1.7820512820512822,1.0128205128205128,2.141025641025641
AnadoluJet,2.328943090985582,2.9883281014897536,2.166398119122257,2.1363636363636362,1.5454545454545454,1,2.590909090909091
Insel Air,2.0467265792794977,2.25195096699498,2.375715970961885,1.1710526315789473,2.0526315789473686,1,1.736842105263158
SyrianAir,2.618374000841398,2.8716091163872886,2.5535862068965525,1,2,1,2.3292231739818843
InterSky,3.184187000420698,3.6858045581936434,3.4017931034482753,1,1.5,1,3.2255824474100887
Thai Smile Airways,3.9161837400084143,4.208716091163873,3.5476793103448285,3.83,2.13,1.17,3.82
Air Greenland,2.2853353754732857,2.6777801279678495,2.595991379310345,1.3125,2,1,2.0723846414838274
KLM Royal Dutch Airlines,2.547102440050484,3.092296546983237,2.514109655172413,2.15,2.49,1.56,2.21
KD Air,2.618374000841397,2.8716091163872877,2.5535862068965516,1,2,1,1
Blue Islands,2.61756437561352,2.968881647365731,2.495920977011496,1.2708333333333333,1.9583333333333333,1,2.821899268642087
Beijing Capital Airlines,3.9236748001682797,4.574321823277457,2.3107172413793102,1.8,2.2,1,3.8
Aerosur,2.4497265460664703,2.9975339028271177,2.5844263322884005,1,1.9090909090909092,1,2.2460899426291876
Lao Airlines,3.090252944888509,3.4322381447599515,2.883192528735627,2.0972222222222223,1.9444444444444444,1,3.5340439568725026
Yeti Airlines,2.6,2.8,2.2214344827586205,2.8,2,1,3
Interjet,2.052614640302903,2.143779281899424,2.220902758620688,1.23,1.79,1.01,1.25
Bamboo Airways,3.4413140001591835,3.705439562559758,2.9483634669151915,2.6486486486486487,2.324324324324324,1.5405405405405406,2.918918918918919
ASKY Airlines,2.1842064348557737,1.94535731446846,2.100935532233883,1.434782608695652,1.565217391304348,1,1.565217391304348
Air Berlin,2.63091870004207,2.8135804558193644,2.6182193103448266,2.19,2.36,1.38,2.5
Jetairfly,2.7942498183347997,3.340292566615871,2.898542319749217,2.1363636363636362,2.3181818181818183,1.2727272727272727,3.0410149904381982
FMI Air,3.5,5,4.5,5,2,1,4.5
Bahamasair,2.2896904914790137,2.2248658768172622,2.2910502117362377,1.4736842105263157,1.8771929824561404,1.087719298245614,1.5738068310337032
Central Mountain Air,2.043045091215053,2.407857860504468,2.17046394984326,1.7272727272727273,1.8181818181818181,1,2.3636363636363638
Turkmenistan Airlines,2.6437276503996645,2.639014330283963,2.451793103448277,1.25,1.65,1,2.665232978964036
easyJet,2.118021140092553,2.364593093966474,2.3723289655172386,1.71,1.7,1.02,1.97
Air Nostrum,3.1219881822006346,3.1234586892669487,2.4935172413793114,2.0681818181818183,1.8181818181818181,1.0227272727272727,3.102537476095496
Air Europa,2.4274910601598636,2.3756057321135833,2.094826896551722,1.8,2.12,1.3,1.81
Druk Air,3.2401057004627694,3.5793850140130097,3.254472413793105,1.75,1.65,1,3.0804659579280695
Virgin Australia,2.5909187000420695,3.2822965469832366,2.45178896551724,2.84,1.94,1.12,2.35
Level,2.4078883784920806,2.4268608145981103,2.2212907735321523,1.9054054054054055,2.418918918918919,1.2297297297297298,2.0945945945945947
Loch Lomond Seaplanes,3.8091870004206987,3.935804558193644,1.2767931034482758,1,3.5,1,3.7255824474100883
Scoot,2.237491060159864,2.4430379144413292,2.1710799999999977,1.83,1.83,1.18,1.83
LOT Polish Airlines,2.498021140092553,2.594593093966474,2.416253103448275,1.96,2,1.1,2.01
Air Bagan,2.7910772507362225,3.0751579768388773,2.7343879310344827,1,2,1,3.197384641483826
Air Seychelles,2.65609756790867,2.7182199120488963,2.551647716682196,1.364864864864865,2.1621621621621623,1.1216216216216217,2.4324324324324325
Volaris,1.5618374000841393,1.8245930939664743,1.8923289655172402,1.25,1.67,1.02,1.32
Madagasikara Airways,3.5,5,5,5,2,1,5
Flynas,2.169087629910096,2.346091927684652,2.19015453384419,1.5740740740740742,1.8888888888888888,1.0555555555555556,1.8148148148148149
LATAM Airlines,2.3827561001262088,2.4607413674580925,2.00161172413793,1.79,2.09,1.18,1.83
SmartLynx Airlines,1.9706441539108766,2.9901237781836376,2.0851671087533155,2.1538461538461537,1.8461538461538463,1,2.076923076923077
SCAT Airlines,3,3.5,3,3,2,1,4.75
ANA All Nippon Airways,4.214734960033656,4.534864364655491,4.015358620689656,4.13,3.69,2,4.11
Libyan Airlines,2.7285772507362225,2.9501579768388773,2.7343879310344827,1.375,2.1875,1.25,2.463373671115132
Air Memphis,2.6183740008413974,2.8716091163872886,2.553586206896552,1,2,1,1.9627912237050438
El Al Israel Airlines,2.609469920067312,3.0397287293109834,2.678573793103448,2.32,2.41,1.73,2.35
Air Serbia,2.3674910601598644,2.6743218232774564,2.2137551724137925,1.68,1.62,1.12,1.71
Xiamen Airlines,3.1942048801009673,3.324593093966474,3.1196455172413793,2.42,2.39,1.12,3.1
Southwest Airlines,2.2085512200252415,2.774864364655491,2.3726834482758603,2.15,2.18,1.72,2.18
South African Airways,2.789469920067312,3.108444820474856,2.7619662068965516,2.55,2.18,1.12,2.57
SATA Air Azores,2.499469920067312,2.719728729310983,2.255181379310345,2.07,1.72,1.11,2.33
CemAir,2.5394580002804656,2.6238697054624294,2.184528735632184,2,1.6666666666666667,1,2
Nordwind Airlines,4,3.5,1.7767931034482758,5,2,1,4.5
CSA Czech Airlines,2.1985512200252417,2.3361482734916184,2.2469703448275844,1.86,1.82,1.12,2.01
American Airlines,2.0618374000841397,2.2471609116387286,2.048219310344827,1.55,1.88,1.35,1.49
Intercaribbean Airways,2.5295935002103493,2.8429022790968217,2.3593879310344823,1.5,2.25,1,1.375
SriLankan Airlines,2.5351235801430363,2.8681735497858374,2.559468275862067,2.02,2.28,1.27,2.12
Coastal Aviation,3.75,3.5,2.165189655172414,4,2,1,4.5
Golden Myanmar Airlines,4,5,4,4.333333333333333,2,1,4.666666666666667
Qatar Airways,3.496183740008414,4.118716091163873,3.7476793103448274,3.56,3.71,2.3,3.51
Air Austral,2.628749362239191,2.875495180672738,2.622730741012474,1.5319148936170213,2.127659574468085,1.1063829787234043,2.7459677458166305
Silver Airways,1.708939840134623,1.9068896409497114,2.211974482758618,1.4,1.8,1,1.4
Croatia Airlines,2.9241066002898113,3.166887584533396,2.6152835249042106,1.7666666666666666,1.7,1.011111111111111,3.066666666666667
ZIPAIR,2.803674800168279,3.0943218232774563,2.5546496551724145,2.2,2.06,1.96,2.46
American Eagle,2.406183740008414,2.748716091163873,2.3450041379310336,2.1,1.67,1.31,2.19
TACA Regional,2.618374000841397,2.871609116387288,2.5535862068965516,1,2,1,2
SmartWings,2.3083421740959538,2.5685194722188354,2.4157676161919017,2,1.9130434782608696,1.0978260869565217,2.357229822094156
Aer Lingus,2.2771024400504833,2.5222965469832364,2.051788965517241,1.8,2.08,1.3,1.9
Emirates,2.9547349600336554,2.9235804558193643,2.8653586206896544,2.6,3.26,1.51,2.56
Cathay Dragon,3.8970705484006674,4.094703372844956,3.63796106785317,3.8548387096774195,3.661290322580645,1.2580645161290323,3.774193548387097
Wideroe,2.4221845219586258,2.7056371607966843,2.1195742128935535,1.391304347826087,1.6521739130434783,1,1.9241662814826466
EWA Air,3,1,2.5535862068965516,1,2,1,1
La Compagnie,3.6497055111485066,3.6387381829505463,3.404763218390805,3.1333333333333333,2.9555555555555557,1.6888888888888889,3.6222222222222222
Sriwijaya Air,2.9263089455769307,3.1267795078381515,2.6237053291536054,2.2,1.7454545454545454,1.0363636363636364,2.8545454545454545
Mandarin Airlines,4,4.5,3.25,3,2,1,4.5
LAN Colombia,3.3568902503155233,3.5768534186452325,2.9017931034482753,2.375,2.75,1.5,3.875
LAN Airlines,3.2061837400084143,3.5687160911638727,3.1876793103448278,1.99,3.17,1.14,3.21
Porter Airlines,2.6256536600757254,3.075877002802601,2.8516117241379293,2.29,1.89,1.27,2.2
Tigerair Taiwan,2.577296750105175,2.983951139548411,3.0401896551724135,2,2.125,1,2.375
Nok Air,2.896572360117795,3.2120252762942196,2.4991137931034477,2.48,1.95,1.27,2.9
Cape Air,1.7721277076043798,1.9317689665712692,1.9172582001682095,1.3902439024390243,1.5365853658536586,1,1.5585934095034233
Bhutan Airlines,3.6030623334735665,3.8119348527312145,3.425597701149425,1.3333333333333333,3.3333333333333335,1,3.6666666666666665
Air Botswana,2.4198798265991117,2.4870664186705236,2.2500089955022493,1.1304347826086956,1.608695652173913,1,1.9830138764591911
Amaszonas,2.6011483750525874,2.5544755697742056,2.3459913793103446,2.1875,2.0625,1.0625,2.3125
Yemenia,2.618374000841398,2.8716091163872886,2.5535862068965525,1,2,1,3.096512855311769
TAG Airlines,2.3259036924371377,2.59563217175189,2.2980848806366043,2.076923076923077,1.6923076923076923,1,2
HiSky,3,3.5,2.165189655172414,3,1.5,1,2.75
Fly540.com,2.2642898240490985,2.5677585718862668,2.181732251521299,1.2647058823529411,1.8823529411764706,1,2.681122184227684
Royal Jordanian Airlines,2.3618374000841396,2.2958770028026017,2.1141096551724137,1.88,1.92,1.19,1.69
Cayman Airways,2.331124666947133,2.7488697054624303,2.147327586206897,1.4166666666666667,1.625,1,2.0065897609892174
Philippine Airlines,2.408021140092553,3.034593093966473,2.505181379310344,1.9,2.18,1.27,2.08
Arkefly,1.8769431005469088,2.141545925651738,1.8098310344827593,1,1.45,1,1.847558244741009
airBaltic,2.57091870004207,2.4135804558193645,2.3691137931034465,2.05,1.83,1.05,2.04
Citilink,3.1618374000841394,3.703827578305395,2.6967367816091947,3.1666666666666665,1.95,1.0333333333333334,3.65751941491367
MEGA Maldives Airlines,1,4,2,2,2,1,1
Bangkok Airways,3.6209187000420697,4.043580455819364,3.6719662068965517,3.63,2.03,1.06,3.64
Royal Brunei Airlines,3.782367480016828,3.9274321823277454,3.5566075862068964,3.44,3.2,1.31,3.85
Monarch Airlines,3.096183740008414,3.688716091163873,2.928396551724137,2.53,1.56,1.02,3.37
euroAtlantic Airways,1.375,1.875,2.3537974137931035,1.625,1.625,1.25,1.4375
Copa Airlines,2.1603886201093805,2.3833091851303463,1.9971475862068955,1.57,1.85,1.08,1.65
Eastern Airways,2.496213714766511,3.0218718760308274,2.5155982484947987,1.5555555555555556,1.7936507936507937,1,2.3153197402009895
Aegean Airlines,2.7932861800588977,3.2010126381471093,2.7662531034482756,2.51,2.17,1.55,2.49
WOW air,2.019469920067312,2.448444820474856,1.9957213793103432,1.87,1.57,1.05,2
Jazz,3.2,4.6,3.6,4,2.2,1.6,3.8
